[
    {
        "keyword" : "(?<=#.*?\\b)TODO(?=\\b)",
        "color" : [248,38,113]
    },
    {
        "keyword" : "#.*",
        "color" : [100,100,100]
    },
    {
        "color" : [220,220,100],
        "keyword" : "\"([^\"]*)\"|'([^']*)'"
    },
    {
        "keyword" : "\\b(int|float|char|byte|str|string|bool|nil|self|\\|\\|)\\b",
        "color" : [100,220,220]
    },
    {
        "keyword" : "=|==|!=|<|>|<=|>=|\\+|-|\\*|/|%|\\b(def|class|module|if|else|elsif|end|do|while|until|for|in|break|next|redo|retry|case|when|then|yield|return|super|self|true|false|nil|and|or|not|alias|drop|dump|rotate|print|println|puts|say|dup_2|drop2|for|times|sizeof|W|R|swap|strdup)\\b",
        "color" : [248,38,113]
    },
    {
        "keyword" : "\\b\\w+(?=\\()",
        "color" : [166,226,46]
    },
    {
        "keyword" : "[(){}[\\]]",
        "color" : [230,230,0]
    },
    {
        "keyword" : "\\b\\d+\\b",
        "color" : [175,125,230]
    }
]
