[
    {
        "keyword" : "#.*",
        "color" : [100,100,100]
    },
    {
        "keyword" : "\\b(int|float|bool|str|chr|void)\\b",
        "color" : [100,220,220]
    },
    {
        "keyword" : "f(?=\\\")",
        "color" : [100,220,220]
    },
    {
        "keyword" : "\\{([^}]*)\\}",
        "color" : [220,100,220]
    },
    {
        "keyword" : "\\w+(?=\\()",
        "color" : [100,220,100]
    },
    {
        "keyword" : "[(){}[\\]]",
        "color" : [230,230,0]
    },
    {
        "keyword" : "(?<=#.*?\\b)TODO(?=\\b)",
        "color" : [220,100,220]
    },
    {
        "keyword" : "=|-|\\+|\\*|/|<|>|\\b(False|None|True|and|as|assert|async|await|break|class|continue|def|del|elif|else|except|finally|for|from|global|if|import|in|is|lambda|nonlocal|not|or|pass|raise|return|try|while|with|yield|async|await)\\b",
        "color" : [220,100,220]
    },
    {
        "color" : [220,220,100],
        "keyword" : "\".*\""
    },
    {
        "keyword" : "\\b\\d+\\b",
        "color" : [100,100,220]
    },
    {
        "color" : [200,150,255],
        "keyword" : "\\.\\.\\."
    }
]